"time","consumption_rate","investment_rate","profit_mass","profit_rate","profit_share","saving_rate","utilization_rate","wage_mass","wage_share"
0,0.04833333333333335,0.03500000000000001,0.05000000000000002,0.01666666666666667,0.2,0.03500000000000001,0.2500000000000001,0.2000000000000001,0.8
0.2,0.05051998169144246,0.03772760977582255,0.05626666167821521,0.01875555389273841,0.2125333233564304,0.03772760977582255,0.264742774401795,0.2084761127235798,0.7874666766435696
0.4,0.05229770645228675,0.04025172972476368,0.06243449435824275,0.02081149811941425,0.2248689887164855,0.04025172972476368,0.2776483085311513,0.2152138141729086,0.7751310112835145
0.6,0.05371999439763069,0.0425674912087657,0.06840622763423394,0.02280207587807798,0.2368124552684678,0.0425674912087657,0.2888624568191892,0.2204562291849552,0.7631875447315322
0.8,0.05483936103353943,0.04467049293011282,0.07408768370508574,0.02469589456836191,0.2481753674101715,0.04467049293011282,0.2985295618909568,0.224441878185871,0.7518246325898285
1,0.05570521744138274,0.04655631107905651,0.07938926261462366,0.02646308753820788,0.2587785252292473,0.04655631107905651,0.3067845855613178,0.2273953229466941,0.7412214747707526
1.2,0.0563625926985263,0.0482203555269211,0.08422735529643441,0.02807578509881147,0.2684547105928689,0.0482203555269211,0.3137488446763422,0.2295214893799078,0.7315452894071311
1.4,0.05685140645992086,0.04965793480819165,0.08852566213878948,0.02950855404626316,0.2770513242775789,0.04965793480819165,0.3195280238043375,0.2310023616655481,0.7229486757224211
1.6,0.05720608219144223,0.0508644341606469,0.09221639627510078,0.03073879875836693,0.2844327925502015,0.0508644341606469,0.3242115490562674,0.2319951527811666,0.7155672074497985
1.8,0.05745536248820465,0.05183554181588799,0.09524135262330098,0.03174711754110033,0.290482705246602,0.05183554181588799,0.3278727129122779,0.232631360288977,0.7095172947533981
2,0.05762223760702039,0.05256748063579664,0.09755282581475763,0.03251760860491922,0.2951056516295154,0.05256748063579664,0.3305691547284511,0.2330163289136934,0.7048943483704846
2.2,0.05772393183285154,0.05305721722448907,0.09911436253643444,0.03303812084547814,0.2982287250728689,0.05305721722448907,0.3323434471720219,0.2332290846355874,0.7017712749271311
2.4,0.05777191421105603,0.05330263078228504,0.09990133642141356,0.03330044547380452,0.2998026728428272,0.05330263078228504,0.3332236349800232,0.2333222985586097,0.7001973271571729
2.6,0.05777191421105603,0.05330263078228504,0.09990133642141356,0.03330044547380452,0.2998026728428272,0.05330263078228504,0.3332236349800232,0.2333222985586097,0.7001973271571729
2.8,0.05772393183285154,0.05305721722448907,0.09911436253643444,0.03303812084547814,0.2982287250728689,0.05305721722448907,0.3323434471720219,0.2332290846355874,0.7017712749271311
3,0.05762223760702042,0.05256748063579667,0.09755282581475772,0.03251760860491924,0.2951056516295154,0.05256748063579667,0.3305691547284513,0.2330163289136936,0.7048943483704846
3.2,0.05745536248820466,0.051835541815888,0.095241352623301,0.03174711754110033,0.290482705246602,0.051835541815888,0.327872712912278,0.232631360288977,0.7095172947533981
3.4,0.05720608219144221,0.05086443416064688,0.09221639627510077,0.03073879875836692,0.2844327925502015,0.05086443416064688,0.3242115490562673,0.2319951527811666,0.7155672074497985
3.6,0.05685140645992086,0.04965793480819165,0.08852566213878948,0.02950855404626316,0.2770513242775789,0.04965793480819165,0.3195280238043375,0.2310023616655481,0.7229486757224211
3.8,0.05636259269852632,0.04822035552692112,0.08422735529643445,0.02807578509881148,0.2684547105928689,0.04822035552692112,0.3137488446763423,0.2295214893799078,0.731545289407131
4,0.05570521744138276,0.04655631107905652,0.07938926261462367,0.02646308753820789,0.2587785252292473,0.04655631107905652,0.3067845855613178,0.2273953229466942,0.7412214747707526
4.2,0.05483936103353944,0.04467049293011283,0.07408768370508576,0.02469589456836192,0.2481753674101715,0.04467049293011283,0.2985295618909568,0.2244418781858711,0.7518246325898285
4.4,0.05371999439763065,0.04256749120876568,0.0684062276342339,0.02280207587807797,0.2368124552684678,0.04256749120876568,0.288862456819189,0.2204562291849551,0.7631875447315322
4.6,0.05229770645228675,0.04025172972476368,0.06243449435824276,0.02081149811941425,0.2248689887164855,0.04025172972476368,0.2776483085311513,0.2152138141729086,0.7751310112835145
4.8,0.05051998169144246,0.03772760977582255,0.05626666167821523,0.01875555389273841,0.2125333233564305,0.03772760977582255,0.2647427744017951,0.2084761127235798,0.7874666766435695
5,0.04833333333333335,0.03500000000000001,0.05000000000000002,0.01666666666666667,0.2,0.03500000000000001,0.2500000000000001,0.2000000000000001,0.8
5.2,0.04568671639684429,0.0320752608334432,0.04373333832178478,0.01457777944059493,0.1874666766435696,0.0320752608334432,0.2332859316908625,0.1895525933690777,0.8125333233564305
5.4,0.04253677059627126,0.02896304615318974,0.03756550564175722,0.01252183521391907,0.1751310112835145,0.02896304615318974,0.214499450248383,0.1769339446066258,0.8248689887164855
5.6,0.0388555278582992,0.02567916118663283,0.03159377236576611,0.01053125745525537,0.1631875447315323,0.02567916118663283,0.1936040671347961,0.1620102947690299,0.8368124552684677
5.8,0.03464116109197805,0.02224973083796608,0.02591231629491422,0.008637438764971406,0.1518246325898285,0.02224973083796608,0.1706726757898324,0.1447603594949182,0.8481753674101715
6,0.02993196549968432,0.01871676732425795,0.02061073738537636,0.006870245795125453,0.1412214747707527,0.01871676732425795,0.1459461984718268,0.1253354610864505,0.8587785252292472
6.2,0.02482278427781549,0.01514480603436823,0.01577264470356557,0.005257548234521857,0.1315452894071311,0.01514480603436823,0.1199027709365511,0.1041301262329856,0.8684547105928688
6.4,0.01948125555570212,0.01162749176993249,0.01147433786121055,0.003824779287070184,0.1229486757224211,0.01162749176993249,0.09332624197690384,0.08185190411569329,0.8770513242775789
6.6,0.01415858675923087,0.008291852532498735,0.00778360372489927,0.002594534574966423,0.1155672074497985,0.008291852532498735,0.06735131787518882,0.05956771415028955,0.8844327925502015
6.8,0.009186861484775729,0.005296839886817896,0.004758647376699045,0.001586215792233015,0.1095172947533981,0.005296839886817896,0.04345110411478088,0.03869245673808183,0.8904827052466019
7,0.004954207444546074,0.00282242438630327,0.002447174185242333,0.000815724728414111,0.1048943483704847,0.00282242438630327,0.02332989549254803,0.0208827213073057,0.8951056516295154
7.2,0.001853393807590881,0.001047350907129113,0.0008856374635655731,0.000295212487855191,0.1017712749271311,0.001047350907129113,0.00870223414415998,0.007816596680594408,0.8982287250728689
7.4,0.0002100289188825478,0.0001182019876886424,9.866357858642694e-05,3.288785952880898e-05,0.1001973271571728,0.0001182019876886424,0.0009846927197135705,0.0008860291411271436,0.8998026728428271
7.6,0.0002100289188825511,0.0001182019876886443,9.86635785864285e-05,3.28878595288095e-05,0.1001973271571728,0.0001182019876886443,0.0009846927197135862,0.0008860291411271576,0.8998026728428271
7.8,0.001853393807590883,0.001047350907129114,0.0008856374635655739,0.0002952124878551913,0.1017712749271311,0.001047350907129114,0.008702234144159989,0.007816596680594416,0.8982287250728689
8,0.004954207444546052,0.002822424386303257,0.002447174185242322,0.0008157247284141072,0.1048943483704846,0.002822424386303257,0.02332989549254793,0.02088272130730561,0.8951056516295154
8.199999999999999,0.009186861484775686,0.005296839886817869,0.004758647376699019,0.001586215792233006,0.109517294753398,0.005296839886817869,0.04345110411478066,0.03869245673808164,0.890482705246602
8.4,0.01415858675923085,0.008291852532498725,0.007783603724899259,0.002594534574966419,0.1155672074497985,0.008291852532498725,0.06735131787518873,0.05956771415028948,0.8844327925502015
8.6,0.01948125555570211,0.01162749176993249,0.01147433786121054,0.003824779287070181,0.122948675722421,0.01162749176993249,0.09332624197690378,0.08185190411569324,0.8770513242775789
8.800000000000001,0.02482278427781552,0.01514480603436825,0.0157726447035656,0.005257548234521866,0.1315452894071312,0.01514480603436825,0.1199027709365513,0.1041301262329857,0.8684547105928688
9,0.02993196549968432,0.01871676732425795,0.02061073738537635,0.006870245795125451,0.1412214747707527,0.01871676732425795,0.1459461984718268,0.1253354610864505,0.8587785252292474
9.199999999999999,0.03464116109197804,0.02224973083796608,0.0259123162949142,0.008637438764971399,0.1518246325898284,0.02224973083796608,0.1706726757898324,0.1447603594949182,0.8481753674101716
9.4,0.03885552785829923,0.02567916118663285,0.03159377236576612,0.01053125745525538,0.1631875447315322,0.02567916118663285,0.1936040671347962,0.1620102947690301,0.8368124552684678
9.6,0.04253677059627128,0.02896304615318975,0.03756550564175722,0.01252183521391908,0.1751310112835145,0.02896304615318975,0.2144994502483831,0.1769339446066258,0.8248689887164855
9.800000000000001,0.04568671639684433,0.03207526083344323,0.04373333832178483,0.01457777944059494,0.1874666766435696,0.03207526083344323,0.2332859316908627,0.1895525933690778,0.8125333233564304
10,0.04833333333333333,0.035,0.05,0.01666666666666666,0.2,0.035,0.25,0.2,0.8
10.2,0.05051998169144245,0.03772760977582253,0.05626666167821517,0.01875555389273839,0.2125333233564303,0.03772760977582253,0.2647427744017949,0.2084761127235798,0.7874666766435696
10.4,0.05229770645228674,0.04025172972476367,0.06243449435824273,0.02081149811941424,0.2248689887164855,0.04025172972476367,0.2776483085311512,0.2152138141729085,0.7751310112835145
10.6,0.05371999439763064,0.04256749120876567,0.06840622763423387,0.02280207587807796,0.2368124552684678,0.04256749120876567,0.2888624568191889,0.2204562291849551,0.7631875447315323
10.8,0.05483936103353946,0.04467049293011285,0.07408768370508578,0.02469589456836193,0.2481753674101716,0.04467049293011285,0.2985295618909569,0.2244418781858711,0.7518246325898285
11,0.05570521744138276,0.04655631107905652,0.07938926261462367,0.02646308753820789,0.2587785252292473,0.04655631107905652,0.3067845855613178,0.2273953229466942,0.7412214747707526
11.2,0.0563625926985263,0.0482203555269211,0.08422735529643438,0.02807578509881146,0.2684547105928688,0.0482203555269211,0.3137488446763422,0.2295214893799078,0.7315452894071313
11.4,0.05685140645992087,0.04965793480819165,0.0885256621387895,0.02950855404626317,0.2770513242775789,0.04965793480819165,0.3195280238043376,0.2310023616655481,0.7229486757224211
11.6,0.05720608219144224,0.0508644341606469,0.09221639627510078,0.03073879875836693,0.2844327925502015,0.0508644341606469,0.3242115490562674,0.2319951527811666,0.7155672074497985
11.8,0.05745536248820464,0.05183554181588798,0.09524135262330097,0.03174711754110032,0.290482705246602,0.05183554181588798,0.3278727129122779,0.2326313602889769,0.7095172947533981
12,0.05762223760702041,0.05256748063579667,0.09755282581475769,0.03251760860491923,0.2951056516295154,0.05256748063579667,0.3305691547284512,0.2330163289136935,0.7048943483704846
12.2,0.05772393183285156,0.05305721722448908,0.09911436253643444,0.03303812084547814,0.2982287250728688,0.05305721722448908,0.3323434471720219,0.2332290846355875,0.7017712749271312
12.4,0.05777191421105604,0.05330263078228505,0.09990133642141358,0.03330044547380453,0.2998026728428272,0.05330263078228505,0.3332236349800233,0.2333222985586097,0.7001973271571729
12.6,0.05777191421105603,0.05330263078228503,0.09990133642141355,0.03330044547380452,0.2998026728428272,0.05330263078228503,0.3332236349800232,0.2333222985586096,0.7001973271571729
12.8,0.05772393183285156,0.05305721722448908,0.09911436253643445,0.03303812084547815,0.2982287250728689,0.05305721722448908,0.3323434471720219,0.2332290846355874,0.7017712749271311
13,0.05762223760702043,0.05256748063579667,0.09755282581475773,0.03251760860491924,0.2951056516295154,0.05256748063579667,0.3305691547284513,0.2330163289136936,0.7048943483704846
13.2,0.05745536248820469,0.05183554181588802,0.09524135262330106,0.03174711754110035,0.290482705246602,0.05183554181588802,0.3278727129122782,0.2326313602889771,0.709517294753398
13.4,0.05720608219144221,0.05086443416064688,0.09221639627510075,0.03073879875836692,0.2844327925502015,0.05086443416064688,0.3242115490562673,0.2319951527811665,0.7155672074497985
13.6,0.05685140645992085,0.04965793480819165,0.08852566213878948,0.02950855404626316,0.277051324277579,0.04965793480819165,0.3195280238043375,0.231002361665548,0.7229486757224211
13.8,0.05636259269852628,0.0482203555269211,0.08422735529643438,0.02807578509881146,0.2684547105928689,0.0482203555269211,0.3137488446763421,0.2295214893799077,0.7315452894071311
14,0.05570521744138272,0.0465563110790565,0.07938926261462365,0.02646308753820788,0.2587785252292474,0.0465563110790565,0.3067845855613177,0.227395322946694,0.7412214747707526
14.2,0.05483936103353947,0.04467049293011287,0.07408768370508582,0.02469589456836194,0.2481753674101716,0.04467049293011287,0.298529561890957,0.2244418781858712,0.7518246325898283
14.4,0.05371999439763066,0.04256749120876568,0.06840622763423392,0.02280207587807797,0.2368124552684678,0.04256749120876568,0.288862456819189,0.2204562291849551,0.7631875447315322
14.6,0.0522977064522868,0.04025172972476371,0.06243449435824281,0.02081149811941427,0.2248689887164856,0.04025172972476371,0.2776483085311515,0.2152138141729087,0.7751310112835145
14.8,0.05051998169144242,0.03772760977582251,0.05626666167821516,0.01875555389273838,0.2125333233564304,0.03772760977582251,0.2647427744017948,0.2084761127235796,0.7874666766435696
15,0.04833333333333335,0.03500000000000002,0.05000000000000003,0.01666666666666668,0.2,0.03500000000000002,0.2500000000000001,0.2000000000000001,0.7999999999999999
15.2,0.04568671639684433,0.03207526083344325,0.04373333832178485,0.01457777944059495,0.1874666766435697,0.03207526083344325,0.2332859316908627,0.1895525933690779,0.8125333233564302
15.4,0.04253677059627127,0.02896304615318976,0.03756550564175724,0.01252183521391908,0.1751310112835145,0.02896304615318976,0.2144994502483831,0.1769339446066258,0.8248689887164855
15.6,0.03885552785829922,0.02567916118663285,0.03159377236576614,0.01053125745525538,0.1631875447315323,0.02567916118663285,0.1936040671347962,0.1620102947690301,0.8368124552684677
15.8,0.03464116109197805,0.02224973083796608,0.02591231629491422,0.008637438764971406,0.1518246325898285,0.02224973083796608,0.1706726757898324,0.1447603594949182,0.8481753674101715
16,0.02993196549968433,0.01871676732425796,0.02061073738537637,0.006870245795125455,0.1412214747707527,0.01871676732425796,0.1459461984718269,0.1253354610864505,0.8587785252292472
16.2,0.02482278427781555,0.01514480603436827,0.01577264470356562,0.005257548234521876,0.1315452894071312,0.01514480603436827,0.1199027709365515,0.1041301262329858,0.8684547105928688
16.4,0.01948125555570219,0.01162749176993254,0.01147433786121061,0.003824779287070202,0.1229486757224212,0.01162749176993254,0.09332624197690419,0.08185190411569358,0.8770513242775788
16.6,0.0141585867592308,0.008291852532498692,0.007783603724899224,0.002594534574966408,0.1155672074497984,0.008291852532498692,0.06735131787518847,0.05956771415028925,0.8844327925502016
16.8,0.009186861484775672,0.005296839886817863,0.004758647376699014,0.001586215792233005,0.109517294753398,0.005296839886817863,0.04345110411478061,0.0386924567380816,0.890482705246602
17,0.004954207444546087,0.002822424386303277,0.00244717418524234,0.0008157247284141132,0.1048943483704847,0.002822424386303277,0.02332989549254809,0.02088272130730575,0.8951056516295153
17.2,0.001853393807590889,0.001047350907129117,0.000885637463565577,0.0002952124878551923,0.1017712749271312,0.001047350907129117,0.008702234144160017,0.00781659668059444,0.8982287250728689
17.4,0.0002100289188825626,0.0001182019876886508,9.86635785864339e-05,3.28878595288113e-05,0.1001973271571729,0.0001182019876886508,0.0009846927197136399,0.000886029141127206,0.8998026728428271
17.6,0.0002100289188825695,0.0001182019876886547,9.866357858643716e-05,3.288785952881239e-05,0.1001973271571729,0.0001182019876886547,0.0009846927197136725,0.0008860291411272353,0.8998026728428271
17.8,0.001853393807590881,0.001047350907129113,0.0008856374635655732,0.0002952124878551911,0.1017712749271311,0.001047350907129113,0.00870223414415998,0.007816596680594408,0.8982287250728689
18,0.004954207444546051,0.002822424386303256,0.002447174185242321,0.000815724728414107,0.1048943483704846,0.002822424386303256,0.02332989549254792,0.0208827213073056,0.8951056516295154
18.2,0.009186861484775669,0.005296839886817861,0.004758647376699011,0.001586215792233004,0.109517294753398,0.005296839886817861,0.04345110411478059,0.03869245673808158,0.890482705246602
18.4,0.01415858675923078,0.008291852532498679,0.00778360372489921,0.002594534574966403,0.1155672074497984,0.008291852532498679,0.06735131787518837,0.05956771415028916,0.8844327925502016
18.6,0.01948125555570214,0.01162749176993251,0.01147433786121057,0.00382477928707019,0.1229486757224211,0.01162749176993251,0.09332624197690394,0.08185190411569336,0.8770513242775788
18.8,0.02482278427781552,0.01514480603436825,0.0157726447035656,0.005257548234521867,0.1315452894071312,0.01514480603436825,0.1199027709365513,0.1041301262329857,0.8684547105928688
19,0.0299319654996843,0.01871676732425794,0.02061073738537634,0.006870245795125446,0.1412214747707527,0.01871676732425794,0.1459461984718267,0.1253354610864504,0.8587785252292474
19.2,0.03464116109197803,0.02224973083796606,0.02591231629491418,0.008637438764971393,0.1518246325898284,0.02224973083796606,0.1706726757898323,0.1447603594949181,0.8481753674101716
19.4,0.03885552785829918,0.0256791611866328,0.03159377236576605,0.01053125745525535,0.163187544731532,0.0256791611866328,0.1936040671347959,0.1620102947690299,0.8368124552684679
19.6,0.04253677059627137,0.02896304615318983,0.03756550564175735,0.01252183521391912,0.1751310112835146,0.02896304615318983,0.2144994502483836,0.1769339446066262,0.8248689887164854
19.8,0.0456867163968443,0.03207526083344321,0.0437333383217848,0.01457777944059493,0.1874666766435696,0.03207526083344321,0.2332859316908625,0.1895525933690777,0.8125333233564304
20,0.04833333333333333,0.035,0.04999999999999999,0.01666666666666666,0.2,0.035,0.25,0.2,0.8
20.2,0.05051998169144245,0.03772760977582253,0.05626666167821517,0.01875555389273839,0.2125333233564303,0.03772760977582253,0.2647427744017949,0.2084761127235798,0.7874666766435696
20.4,0.05229770645228675,0.04025172972476367,0.06243449435824268,0.02081149811941423,0.2248689887164853,0.04025172972476367,0.2776483085311512,0.2152138141729086,0.7751310112835147
20.6,0.05371999439763066,0.04256749120876571,0.06840622763423396,0.02280207587807799,0.2368124552684679,0.04256749120876571,0.2888624568191891,0.2204562291849552,0.7631875447315322
20.8,0.05483936103353944,0.04467049293011283,0.07408768370508576,0.02469589456836192,0.2481753674101715,0.04467049293011283,0.2985295618909568,0.2244418781858711,0.7518246325898285
21,0.05570521744138274,0.04655631107905649,0.07938926261462362,0.02646308753820787,0.2587785252292473,0.04655631107905649,0.3067845855613177,0.2273953229466941,0.7412214747707527
21.2,0.0563625926985263,0.0482203555269211,0.08422735529643438,0.02807578509881146,0.2684547105928688,0.0482203555269211,0.3137488446763422,0.2295214893799078,0.7315452894071313
21.4,0.05685140645992086,0.04965793480819164,0.08852566213878943,0.02950855404626315,0.2770513242775788,0.04965793480819164,0.3195280238043375,0.2310023616655481,0.7229486757224212
21.6,0.05720608219144219,0.05086443416064688,0.09221639627510075,0.03073879875836692,0.2844327925502016,0.05086443416064688,0.3242115490562672,0.2319951527811664,0.7155672074497984
21.8,0.05745536248820464,0.05183554181588798,0.09524135262330097,0.03174711754110032,0.290482705246602,0.05183554181588798,0.3278727129122779,0.2326313602889769,0.7095172947533981
22,0.05762223760702041,0.05256748063579667,0.09755282581475769,0.03251760860491923,0.2951056516295154,0.05256748063579667,0.3305691547284512,0.2330163289136935,0.7048943483704846
22.2,0.05772393183285156,0.05305721722448908,0.09911436253643444,0.03303812084547814,0.2982287250728688,0.05305721722448908,0.3323434471720219,0.2332290846355875,0.7017712749271312
22.4,0.05777191421105601,0.05330263078228501,0.09990133642141349,0.0333004454738045,0.2998026728428271,0.05330263078228501,0.3332236349800231,0.2333222985586096,0.7001973271571729
22.6,0.05777191421105604,0.05330263078228505,0.09990133642141358,0.03330044547380453,0.2998026728428272,0.05330263078228505,0.3332236349800233,0.2333222985586097,0.7001973271571729
22.8,0.05772393183285157,0.0530572172244891,0.09911436253643449,0.03303812084547816,0.2982287250728689,0.0530572172244891,0.332343447172022,0.2332290846355875,0.7017712749271311
23,0.05762223760702043,0.05256748063579667,0.09755282581475773,0.03251760860491924,0.2951056516295154,0.05256748063579667,0.3305691547284513,0.2330163289136936,0.7048943483704846
23.2,0.05745536248820469,0.05183554181588802,0.09524135262330106,0.03174711754110035,0.290482705246602,0.05183554181588802,0.3278727129122782,0.2326313602889771,0.709517294753398
23.4,0.05720608219144222,0.05086443416064691,0.09221639627510082,0.03073879875836694,0.2844327925502017,0.05086443416064691,0.3242115490562674,0.2319951527811665,0.7155672074497983
23.6,0.05685140645992085,0.04965793480819165,0.08852566213878946,0.02950855404626315,0.2770513242775789,0.04965793480819165,0.3195280238043375,0.231002361665548,0.7229486757224211
23.8,0.05636259269852628,0.0482203555269211,0.08422735529643438,0.02807578509881146,0.2684547105928689,0.0482203555269211,0.3137488446763421,0.2295214893799077,0.7315452894071311
24,0.05570521744138272,0.0465563110790565,0.07938926261462365,0.02646308753820788,0.2587785252292474,0.0465563110790565,0.3067845855613177,0.227395322946694,0.7412214747707526
24.2,0.05483936103353945,0.04467049293011286,0.07408768370508581,0.02469589456836194,0.2481753674101717,0.04467049293011286,0.2985295618909569,0.2244418781858711,0.7518246325898283
24.4,0.05371999439763066,0.04256749120876571,0.06840622763423398,0.022802075878078,0.236812455268468,0.04256749120876571,0.2888624568191891,0.2204562291849551,0.7631875447315319
24.6,0.05229770645228672,0.04025172972476365,0.06243449435824269,0.02081149811941423,0.2248689887164854,0.04025172972476365,0.2776483085311511,0.2152138141729084,0.7751310112835146
24.8,0.05051998169144247,0.03772760977582255,0.05626666167821522,0.01875555389273841,0.2125333233564304,0.03772760977582255,0.2647427744017951,0.2084761127235799,0.7874666766435696
25,0.04833333333333335,0.03500000000000001,0.05000000000000003,0.01666666666666668,0.2000000000000001,0.03500000000000001,0.2500000000000001,0.2,0.7999999999999999
25.2,0.04568671639684432,0.03207526083344324,0.04373333832178485,0.01457777944059495,0.1874666766435697,0.03207526083344324,0.2332859316908627,0.1895525933690778,0.8125333233564302
25.4,0.04253677059627133,0.02896304615318981,0.03756550564175734,0.01252183521391911,0.1751310112835147,0.02896304615318981,0.2144994502483834,0.1769339446066261,0.8248689887164853
25.6,0.03885552785829915,0.02567916118663279,0.03159377236576604,0.01053125745525535,0.1631875447315321,0.02567916118663279,0.1936040671347958,0.1620102947690298,0.8368124552684679
25.8,0.0346411610919781,0.02224973083796611,0.02591231629491425,0.008637438764971417,0.1518246325898285,0.02224973083796611,0.1706726757898326,0.1447603594949184,0.8481753674101715
26,0.02993196549968432,0.01871676732425796,0.02061073738537637,0.006870245795125456,0.1412214747707528,0.01871676732425796,0.1459461984718268,0.1253354610864505,0.8587785252292472
26.2,0.02482278427781552,0.01514480603436825,0.0157726447035656,0.005257548234521868,0.1315452894071312,0.01514480603436825,0.1199027709365513,0.1041301262329857,0.8684547105928688
26.4,0.01948125555570221,0.01162749176993255,0.01147433786121062,0.003824779287070207,0.1229486757224212,0.01162749176993255,0.0933262419769043,0.08185190411569368,0.8770513242775788
26.6,0.01415858675923081,0.008291852532498697,0.007783603724899229,0.00259453457496641,0.1155672074497985,0.008291852532498697,0.06735131787518851,0.05956771415028928,0.8844327925502016
26.8,0.009186861484775698,0.005296839886817879,0.004758647376699028,0.001586215792233009,0.1095172947533981,0.005296839886817879,0.04345110411478073,0.03869245673808171,0.890482705246602
27,0.004954207444546078,0.002822424386303272,0.002447174185242335,0.0008157247284141118,0.1048943483704847,0.002822424386303272,0.02332989549254805,0.02088272130730572,0.8951056516295153
27.2,0.001853393807590916,0.001047350907129133,0.0008856374635655902,0.0002952124878551968,0.1017712749271312,0.001047350907129133,0.008702234144160145,0.007816596680594555,0.8982287250728689
27.4,0.0002100289188825738,0.0001182019876886571,9.86635785864392e-05,3.288785952881307e-05,0.1001973271571729,0.0001182019876886571,0.0009846927197136928,0.0008860291411272536,0.8998026728428271
27.6,0.0002100289188825502,0.0001182019876886438,9.866357858642808e-05,3.288785952880937e-05,0.1001973271571728,0.0001182019876886438,0.000984692719713582,0.0008860291411271539,0.8998026728428271
27.8,0.001853393807590887,0.001047350907129116,0.0008856374635655761,0.0002952124878551921,0.1017712749271311,0.001047350907129116,0.00870223414416001,0.007816596680594434,0.8982287250728689
28,0.004954207444546057,0.002822424386303259,0.002447174185242324,0.0008157247284141079,0.1048943483704846,0.002822424386303259,0.02332989549254795,0.02088272130730563,0.8951056516295154
28.2,0.009186861484775665,0.005296839886817857,0.004758647376699007,0.001586215792233002,0.109517294753398,0.005296839886817857,0.04345110411478056,0.03869245673808155,0.890482705246602
28.4,0.01415858675923076,0.008291852532498671,0.007783603724899201,0.0025945345749664,0.1155672074497984,0.008291852532498671,0.0673513178751883,0.0595677141502891,0.8844327925502016
28.6,0.01948125555570214,0.01162749176993251,0.01147433786121057,0.00382477928707019,0.1229486757224211,0.01162749176993251,0.09332624197690395,0.08185190411569337,0.8770513242775788
28.8,0.02482278427781549,0.01514480603436823,0.01577264470356557,0.005257548234521858,0.1315452894071311,0.01514480603436823,0.1199027709365511,0.1041301262329856,0.8684547105928688
29,0.02993196549968429,0.01871676732425793,0.02061073738537633,0.006870245795125443,0.1412214747707526,0.01871676732425793,0.1459461984718267,0.1253354610864503,0.8587785252292474
29.2,0.03464116109197801,0.02224973083796605,0.02591231629491417,0.008637438764971389,0.1518246325898284,0.02224973083796605,0.1706726757898322,0.144760359494918,0.8481753674101716
29.4,0.03885552785829914,0.02567916118663278,0.03159377236576601,0.01053125745525534,0.163187544731532,0.02567916118663278,0.1936040671347958,0.1620102947690298,0.8368124552684679
29.6,0.04253677059627128,0.02896304615318977,0.03756550564175727,0.01252183521391909,0.1751310112835146,0.02896304615318977,0.2144994502483832,0.1769339446066259,0.8248689887164854
29.8,0.0456867163968443,0.03207526083344321,0.04373333832178478,0.01457777944059493,0.1874666766435696,0.03207526083344321,0.2332859316908625,0.1895525933690777,0.8125333233564305
30,0.0483333333333333,0.03499999999999997,0.04999999999999995,0.01666666666666665,0.1999999999999999,0.03499999999999997,0.2499999999999998,0.1999999999999999,0.8
30.2,0.05051998169144242,0.03772760977582251,0.05626666167821513,0.01875555389273837,0.2125333233564303,0.03772760977582251,0.2647427744017948,0.2084761127235797,0.7874666766435697
30.4,0.05229770645228672,0.04025172972476364,0.06243449435824264,0.02081149811941421,0.2248689887164853,0.04025172972476364,0.2776483085311511,0.2152138141729084,0.7751310112835147
30.6,0.05371999439763065,0.04256749120876569,0.06840622763423393,0.02280207587807798,0.2368124552684679,0.04256749120876569,0.288862456819189,0.2204562291849551,0.7631875447315322
30.8,0.05483936103353946,0.04467049293011285,0.07408768370508578,0.02469589456836193,0.2481753674101715,0.04467049293011285,0.2985295618909569,0.2244418781858711,0.7518246325898285
31,0.05570521744138276,0.04655631107905651,0.07938926261462365,0.02646308753820788,0.2587785252292473,0.04655631107905651,0.3067845855613178,0.2273953229466942,0.7412214747707527
31.2,0.0563625926985263,0.0482203555269211,0.08422735529643438,0.02807578509881146,0.2684547105928688,0.0482203555269211,0.3137488446763422,0.2295214893799078,0.7315452894071313
31.4,0.05685140645992087,0.04965793480819163,0.08852566213878942,0.02950855404626314,0.2770513242775788,0.04965793480819163,0.3195280238043375,0.2310023616655481,0.7229486757224213
31.6,0.0572060821914422,0.05086443416064687,0.09221639627510074,0.03073879875836692,0.2844327925502015,0.05086443416064687,0.3242115490562672,0.2319951527811665,0.7155672074497985
31.8,0.05745536248820464,0.05183554181588798,0.09524135262330097,0.03174711754110032,0.290482705246602,0.05183554181588798,0.3278727129122779,0.2326313602889769,0.7095172947533981
32,0.05762223760702041,0.05256748063579667,0.09755282581475769,0.03251760860491923,0.2951056516295154,0.05256748063579667,0.3305691547284512,0.2330163289136935,0.7048943483704846
32.2,0.0577239318328516,0.05305721722448911,0.09911436253643452,0.03303812084547817,0.2982287250728689,0.05305721722448911,0.3323434471720221,0.2332290846355876,0.7017712749271311
32.4,0.05777191421105603,0.05330263078228503,0.09990133642141354,0.03330044547380451,0.2998026728428271,0.05330263078228503,0.3332236349800232,0.2333222985586096,0.7001973271571729
32.6,0.05777191421105604,0.05330263078228505,0.09990133642141358,0.03330044547380453,0.2998026728428272,0.05330263078228505,0.3332236349800233,0.2333222985586097,0.7001973271571729
32.8,0.05772393183285152,0.05305721722448908,0.09911436253643444,0.03303812084547814,0.298228725072869,0.05305721722448908,0.3323434471720218,0.2332290846355873,0.701771274927131
33,0.05762223760702039,0.05256748063579664,0.09755282581475767,0.03251760860491922,0.2951056516295154,0.05256748063579664,0.3305691547284511,0.2330163289136934,0.7048943483704846
33.2,0.05745536248820463,0.05183554181588797,0.09524135262330093,0.03174711754110031,0.2904827052466019,0.05183554181588797,0.3278727129122778,0.2326313602889769,0.7095172947533981
33.4,0.05720608219144223,0.05086443416064691,0.09221639627510084,0.03073879875836695,0.2844327925502017,0.05086443416064691,0.3242115490562674,0.2319951527811666,0.7155672074497983
33.6,0.05685140645992084,0.04965793480819163,0.08852566213878943,0.02950855404626315,0.2770513242775789,0.04965793480819163,0.3195280238043374,0.231002361665548,0.7229486757224211
33.8,0.05636259269852632,0.04822035552692117,0.08422735529643458,0.02807578509881153,0.2684547105928692,0.04822035552692117,0.3137488446763425,0.2295214893799079,0.7315452894071308
34,0.05570521744138273,0.04655631107905651,0.07938926261462366,0.02646308753820788,0.2587785252292474,0.04655631107905651,0.3067845855613177,0.2273953229466941,0.7412214747707526
34.2,0.05483936103353943,0.04467049293011281,0.07408768370508567,0.02469589456836189,0.2481753674101714,0.04467049293011281,0.2985295618909567,0.224441878185871,0.7518246325898286
34.4,0.05371999439763066,0.04256749120876572,0.06840622763423401,0.022802075878078,0.236812455268468,0.04256749120876572,0.2888624568191892,0.2204562291849551,0.7631875447315319
34.6,0.05229770645228674,0.04025172972476367,0.06243449435824271,0.02081149811941424,0.2248689887164854,0.04025172972476367,0.2776483085311512,0.2152138141729085,0.7751310112835146
34.8,0.05051998169144252,0.03772760977582262,0.0562666616782154,0.01875555389273847,0.2125333233564308,0.03772760977582262,0.2647427744017954,0.20847611272358,0.7874666766435692
35,0.04833333333333335,0.03500000000000002,0.05000000000000004,0.01666666666666668,0.2000000000000001,0.03500000000000002,0.2500000000000001,0.2000000000000001,0.7999999999999999
35.2,0.04568671639684423,0.03207526083344315,0.04373333832178467,0.01457777944059489,0.1874666766435694,0.03207526083344315,0.2332859316908621,0.1895525933690775,0.8125333233564306
35.4,0.04253677059627134,0.02896304615318982,0.03756550564175735,0.01252183521391912,0.1751310112835147,0.02896304615318982,0.2144994502483835,0.1769339446066261,0.8248689887164853
35.6,0.03885552785829917,0.0256791611866328,0.03159377236576606,0.01053125745525535,0.1631875447315322,0.0256791611866328,0.1936040671347959,0.1620102947690298,0.8368124552684678
35.8,0.03464116109197825,0.02224973083796623,0.02591231629491443,0.008637438764971478,0.1518246325898288,0.02224973083796623,0.1706726757898334,0.144760359494919,0.8481753674101712
36,0.02993196549968434,0.01871676732425797,0.02061073738537638,0.006870245795125459,0.1412214747707528,0.01871676732425797,0.1459461984718269,0.1253354610864505,0.8587785252292472
36.2,0.02482278427781537,0.01514480603436815,0.01577264470356548,0.005257548234521826,0.131545289407131,0.01514480603436815,0.1199027709365506,0.1041301262329851,0.8684547105928691
36.4,0.01948125555570221,0.01162749176993255,0.01147433786121062,0.003824779287070207,0.1229486757224212,0.01162749176993255,0.09332624197690427,0.08185190411569365,0.8770513242775788
36.6,0.01415858675923083,0.008291852532498712,0.007783603724899245,0.002594534574966415,0.1155672074497985,0.008291852532498712,0.06735131787518864,0.05956771415028939,0.8844327925502016
36.8,0.009186861484775845,0.005296839886817967,0.004758647376699113,0.001586215792233038,0.1095172947533982,0.005296839886817967,0.04345110411478144,0.03869245673808232,0.8904827052466018
37,0.004954207444546089,0.002822424386303278,0.00244717418524234,0.0008157247284141135,0.1048943483704847,0.002822424386303278,0.0233298954925481,0.02088272130730576,0.8951056516295153
37.2,0.001853393807590845,0.001047350907129092,0.0008856374635655557,0.0002952124878551852,0.1017712749271311,0.001047350907129092,0.008702234144159812,0.007816596680594257,0.8982287250728689
37.4,0.0002100289188825603,0.0001182019876886495,9.866357858643286e-05,3.288785952881095e-05,0.1001973271571729,0.0001182019876886495,0.0009846927197136295,0.0008860291411271966,0.8998026728428271
37.6,0.0002100289188825436,0.0001182019876886401,9.866357858642497e-05,3.288785952880832e-05,0.1001973271571728,0.0001182019876886401,0.000984692719713551,0.000886029141127126,0.8998026728428271
37.8,0.001853393807590811,0.001047350907129073,0.0008856374635655389,0.0002952124878551796,0.1017712749271311,0.001047350907129073,0.008702234144159651,0.007816596680594111,0.8982287250728689
38,0.004954207444546034,0.002822424386303246,0.002447174185242312,0.000815724728414104,0.1048943483704846,0.002822424386303246,0.02332989549254784,0.02088272130730553,0.8951056516295154
38.2,0.009186861484775787,0.00529683988681793,0.004758647376699078,0.001586215792233026,0.1095172947533981,0.00529683988681793,0.04345110411478115,0.03869245673808207,0.8904827052466019
38.4,0.01415858675923075,0.00829185253249866,0.00778360372489919,0.002594534574966397,0.1155672074497984,0.00829185253249866,0.06735131787518822,0.05956771415028903,0.8844327925502016
38.6,0.01948125555570214,0.01162749176993251,0.01147433786121057,0.00382477928707019,0.1229486757224211,0.01162749176993251,0.09332624197690395,0.08185190411569339,0.8770513242775789
38.8,0.02482278427781533,0.01514480603436812,0.01577264470356543,0.005257548234521812,0.1315452894071309,0.01514480603436812,0.1199027709365503,0.1041301262329849,0.8684547105928692
39,0.02993196549968428,0.01871676732425792,0.02061073738537631,0.006870245795125438,0.1412214747707526,0.01871676732425792,0.1459461984718266,0.1253354610864503,0.8587785252292474
39.2,0.03464116109197812,0.02224973083796614,0.0259123162949143,0.008637438764971434,0.1518246325898286,0.02224973083796614,0.1706726757898328,0.1447603594949185,0.8481753674101713
39.4,0.03885552785829911,0.02567916118663276,0.03159377236576598,0.01053125745525533,0.163187544731532,0.02567916118663276,0.1936040671347956,0.1620102947690296,0.836812455268468
39.6,0.04253677059627132,0.02896304615318979,0.03756550564175729,0.0125218352139191,0.1751310112835146,0.02896304615318979,0.2144994502483833,0.176933944606626,0.8248689887164854
39.8,0.0456867163968442,0.03207526083344311,0.04373333832178459,0.01457777944059486,0.1874666766435692,0.03207526083344311,0.233285931690862,0.1895525933690774,0.8125333233564308
40,0.04833333333333334,0.03499999999999999,0.04999999999999997,0.01666666666666666,0.1999999999999999,0.03499999999999999,0.25,0.2,0.8
40,0.04833333333333334,0.03499999999999999,0.04999999999999997,0.01666666666666666,0.1999999999999999,0.03499999999999999,0.25,0.2,0.8
